{
  "id": 2,
  "requiredData": {
    "required": 7,
    "data": [
      {
        "name":  "integer",
        "value": "Please enter hours worked on Monday: "
      },{
        "name":  "integer",
        "value": "Please enter hours worked on Tuesday: "
      },{
        "name":  "integer",
        "value": "Please enter hours worked on Wednesday: "
      },{
        "name":  "integer",
        "value": "Please enter hours worked on Thursday: "
      },{
        "name":  "integer",
        "value": "Please enter hours worked on Friday: "
      },{
        "name":  "integer",
        "value": "Please enter hours worked on Saturday: "
      },{
        "name":  "integer",
        "value": "Please enter hours worked on Sunday: "
      }
    ]
  },
  "path": "D:\\Projects\\assignments\\exercises\\2",
  "mainFile": "main.js"

}
